tRNA Gene > Systematic Name	tRNA Gene > Chromosome > Identifier	tRNA Gene > Brief Description	tRNA Gene > Length	tRNA Gene > Description	tRNA Gene > Feature Type	tRNA Gene > Sgd Alias
YNCA0002W	chrI	Proline tRNA (tRNA-Pro), predicted by tRNAscan-SE analysis	103	Proline tRNA (tRNA-Pro), predicted by tRNAscan-SE analysis; target of K. lactis zymocin; can mutate to suppress +1 frameshift mutations in proline codons	tRNA gene	tP(UGG)A|tRNA-Pro|tRNA-Pro
YNCA0004W	chrI	Alanine tRNA (tRNA-Ala), predicted by tRNAscan-SE analysis	73	Alanine tRNA (tRNA-Ala), predicted by tRNAscan-SE analysis; one of 5 nuclear tRNA genes containing the tDNA-anticodon TGC (mature tRNA may be UGC or may contain modified bases), decodes GCA and probably GCG codons into alanine, one of 16 nuclear tRNAs for alanine	tRNA gene	tA(UGC)A|tRNA-Ala|tRNA-Ala
YNCA0005W	chrI	Leucine tRNA (tRNA-Leu), predicted by tRNAscan-SE analysis	114	Leucine tRNA (tRNA-Leu), predicted by tRNAscan-SE analysis; can mutate to suppress amber nonsense mutations	tRNA gene	tL(CAA)A|tRNA-Leu|tRNA-Leu
YNCA0006C	chrI	Serine tRNA (tRNA-Ser), predicted by tRNAscan-SE analysis	82	Serine tRNA (tRNA-Ser), predicted by tRNAscan-SE analysis	tRNA gene	tRNA-Ser|tRNA-Ser|tS(AGA)A
YNCB0001W	chrII	Leucine tRNA (tRNA-Leu), predicted by tRNAscan-SE analysis	84	Leucine tRNA (tRNA-Leu), predicted by tRNAscan-SE analysis	tRNA gene	tL(UAA)B1|tRNA-Leu|tRNA-Leu
YNCB0002W	chrII	Phenylalanine tRNA (tRNA-Phe), predicted by tRNAscan-SE analysis	91	Phenylalanine tRNA (tRNA-Phe), predicted by tRNAscan-SE analysis	tRNA gene	tF(GAA)B|tRNA-Phe|tRNA-Phe
YNCB0004W	chrII	Isoleucine tRNA (tRNA-Ile), predicted by tRNAscan-SE analysis	74	Isoleucine tRNA (tRNA-Ile), predicted by tRNAscan-SE analysis	tRNA gene	tI(AAU)B|tRNA-Ile|tRNA-Ile
YNCB0005C	chrII	Glycine tRNA (tRNA-Gly), predicted by tRNAscan-SE analysis	71	Glycine tRNA (tRNA-Gly), predicted by tRNAscan-SE analysis	tRNA gene	tG(GCC)B|tRNA-Gly|tRNA-Gly
YNCB0006W	chrII	Serine tRNA (tRNA-Ser), predicted by tRNAscan-SE analysis	82	Serine tRNA (tRNA-Ser), predicted by tRNAscan-SE analysis	tRNA gene	tRNA-Ser|tRNA-Ser|tS(AGA)B
YNCB0007W	chrII	Threonine tRNA (tRNA-Thr), predicted by tRNAscan-SE analysis	73	Threonine tRNA (tRNA-Thr), predicted by tRNAscan-SE analysis	tRNA gene	tRNA-Thr|tRNA-Thr|tT(AGU)B
YNCB0011C	chrII	Valine tRNA (tRNA-Val), predicted by tRNAscan-SE analysis	74	Valine tRNA (tRNA-Val), predicted by tRNAscan-SE analysis	tRNA gene	tRNA-Val|tRNA-Val|tV(UAC)B
YNCB0012W	chrII	Leucine tRNA (tRNA-Leu), predicted by tRNAscan-SE analysis	84	Leucine tRNA (tRNA-Leu), predicted by tRNAscan-SE analysis	tRNA gene	tL(UAA)B2|tRNA-Leu|tRNA-Leu
YNCB0013W	chrII	Glutamine tRNA (tRNA-Gln), predicted by tRNAscan-SE analysis	72	Glutamine tRNA (tRNA-Gln), predicted by tRNAscan-SE analysis; thiolation of uridine at wobble position (34) requires Ncs6p	tRNA gene	tQ(UUG)B|tRNA-Gln|tRNA-Gln
YNCB0015W	chrII	Arginine tRNA (tRNA-Arg), predicted by tRNAscan-SE analysis	72	Arginine tRNA (tRNA-Arg), predicted by tRNAscan-SE analysis; one of 11 nuclear tRNA genes containing the tDNA-anticodon UCU (converted to mcm5-UCU in the mature tRNA); decodes AGA codons into arginine; one of 19 nuclear tRNAs for arginine; part of dicistronic transcript with tD(GUC)B	tRNA gene	tRNA-Arg|tRNA-Arg|tR(UCU)B
YNCB0016W	chrII	Aspartate tRNA (tRNA-Asp), predicted by tRNAscan-SE analysis	72	Aspartate tRNA (tRNA-Asp), predicted by tRNAscan-SE analysis	tRNA gene	tD(GUC)B|tRNA-Asp|tRNA-Asp
YNCB0017C	chrII	Cysteine tRNA (tRNA-Cys), predicted by tRNAscan-SE analysis	72	Cysteine tRNA (tRNA-Cys), predicted by tRNAscan-SE analysis	tRNA gene	tC(GCA)B|tRNA-Cys|tRNA-Cys
YNCB0018W	chrII	Glutamate tRNA (tRNA-Glu), predicted by tRNAscan-SE analysis	72	Glutamate tRNA (tRNA-Glu), predicted by tRNAscan-SE analysis; thiolation of uridine at wobble position (34) requires Ncs6p	tRNA gene	tE(UUC)B|tRNA-Glu|tRNA-Glu
YNCC0001C	chrIII	Glutamine tRNA (tRNA-Glu), predicted by tRNAscan-SE analysis	72	Glutamine tRNA (tRNA-Glu), predicted by tRNAscan-SE analysis; thiolation of uridine at wobble position (34) requires Ncs6p	tRNA gene	tE(UUC)C|tRNA-Glu|tRNA-Glu
YNCC0002W	chrIII	Leucine tRNA (tRNA-Leu), predicted by tRNAscan-SE analysis	114	Leucine tRNA (tRNA-Leu), predicted by tRNAscan-SE analysis; can mutate to suppress amber nonsense mutations	tRNA gene	tL(CAA)C|tRNA-Leu|tRNA-Leu
YNCC0004C	chrIII	Proline tRNA (tRNA-Pro), predicted by tRNAscan-SE analysis	72	Proline tRNA (tRNA-Pro), predicted by tRNAscan-SE analysis; can mutate to suppress +1 frameshift mutations in proline codons	tRNA gene	tP(AGG)C|tRNA-Pro|tRNA-Pro
YNCC0005W	chrIII	Asparagine tRNA (tRNA-Asn), predicted by tRNAscan-SE analysis	74	Asparagine tRNA (tRNA-Asn), predicted by tRNAscan-SE analysis	tRNA gene	tN(GUU)C|tRNA-Asn|tRNA-Asn
YNCC0007C	chrIII	Glycine tRNA (tRNA-Gly), predicted by tRNAscan-SE analysis	71	Glycine tRNA (tRNA-Gly), predicted by tRNAscan-SE analysis;can mutate to suppress +1 frameshift mutations in glycine codons	tRNA gene	tG(GCC)C|tRNA-Gly|tRNA-Gly
YNCC0008W	chrIII	Methionine tRNA (tRNA-Met), predicted by tRNAscan-SE analysis	72	Methionine tRNA (tRNA-Met), predicted by tRNAscan-SE analysis	tRNA gene	tM(CAU)C|tRNA-Met|tRNA-Met
YNCC0009C	chrIII	Lysine tRNA (tRNA-Lys), predicted by tRNAscan-SE analysis	73	Lysine tRNA (tRNA-Lys), predicted by tRNAscan-SE analysis; a small portion is imported into mitochondria via interaction with mt lysyl-tRNA synthetase Msk1p and is necessary to decode AAG codons at high temperature, when base modification of mt-encoded tRNA-Lys is reduced	tRNA gene	tK(CUU)C|tRNA-Lys|tRNA-Lys
YNCC0010C	chrIII	Glutamine tRNA (tRNA-Gln), predicted by tRNAscan-SE analysis	72	Glutamine tRNA (tRNA-Gln), predicted by tRNAscan-SE analysis; thiolation of uridine at wobble position (34) requires Ncs6p	tRNA gene	tQ(UUG)C|tRNA-Gln|tRNA-Gln
YNCC0013W	chrIII	Serine tRNA (tRNA-Ser), predicted by tRNAscan-SE analysis	101	Serine tRNA (tRNA-Ser), predicted by tRNAscan-SE analysis; i6A37 modification is catalyzed by Mod5p; can mutate to suppress amber or ochre nonsense mutations; suppressor mutant alleles are recessive lethal and can only be maintained when an additional wild-type copy of the gene is present, because SUP61 encodes the only tRNA species that can decode UCG codons	tRNA gene	tRNA-Ser|tRNA-Ser|tS(CGA)C
YNCC0014W	chrIII	Threonine tRNA (tRNA-Thr), predicted by tRNAscan-SE analysis	73	Threonine tRNA (tRNA-Thr), predicted by tRNAscan-SE analysis	tRNA gene	tRNA-Thr|tRNA-Thr|tT(AGU)C
YNCD0001W	chrIV	Glycine tRNA (tRNA-Gly), predicted by tRNAscan-SE analysis	71	Glycine tRNA (tRNA-Gly), predicted by tRNAscan-SE analysis	tRNA gene	tG(GCC)D1|tRNA-Gly|tRNA-Gly
YNCD0003W	chrIV	Lysine tRNA (tRNA-Lys), predicted by tRNAscan-SE analysis	96	Lysine tRNA (tRNA-Lys), predicted by tRNAscan-SE analysis; thiolation of uridine at wobble position (34) requires Ncs6p	tRNA gene	tK(UUU)D|tRNA-Lys|tRNA-Lys
YNCD0004W	chrIV	Alanine tRNA (tRNA-Ala), predicted by tRNAscan-SE analysis	73	Alanine tRNA (tRNA-Ala), predicted by tRNAscan-SE analysis; one of 11 nuclear tRNA genes containing the tDNA-anticodon AGC (converted to IGC in the mature tRNA), decodes GCU and GCC codons into alanine, one of 16 nuclear tRNAs for alanine	tRNA gene	tA(AGC)D|tRNA-Ala|tRNA-Ala
YNCD0005C	chrIV	Threonine tRNA (tRNA-Thr), predicted by tRNAscan-SE analysis	73	Threonine tRNA (tRNA-Thr), predicted by tRNAscan-SE analysis	tRNA gene	tRNA-Thr|tRNA-Thr|tT(AGU)D
YNCD0006W	chrIV	Serine tRNA (tRNA-Ser), predicted by tRNAscan-SE analysis	82	Serine tRNA (tRNA-Ser), predicted by tRNAscan-SE analysis	tRNA gene	tRNA-Ser|tRNA-Ser|tS(AGA)D1
YNCD0007C	chrIV	Valine tRNA (tRNA-Val), predicted by tRNAscan-SE analysis	74	Valine tRNA (tRNA-Val), predicted by tRNAscan-SE analysis	tRNA gene	tRNA-Val|tRNA-Val|tV(UAC)D
YNCD0008W	chrIV	Leucine tRNA (tRNA-Leu), predicted by tRNAscan-SE analysis	84	Leucine tRNA (tRNA-Leu), predicted by tRNAscan-SE analysis	tRNA gene	tL(UAA)D|tRNA-Leu|tRNA-Leu
YNCD0009W	chrIV	Glutamine tRNA (tRNA-Gln), predicted by tRNAscan-SE analysis	72	Glutamine tRNA (tRNA-Gln), predicted by tRNAscan-SE analysis; thiolation of uridine at wobble position (34) requires Ncs6p	tRNA gene	tQ(UUG)D1|tRNA-Gln|tRNA-Gln
YNCD0011W	chrIV	Arginine tRNA (tRNA-Arg), predicted by tRNAscan-SE analysis	72	Arginine tRNA (tRNA-Arg), predicted by tRNAscan-SE analysis; one of 11 nuclear tRNA genes containing the tDNA-anticodon UCU (converted to mcm5-UCU in the mature tRNA), decodes AGA codons into arginine, one of 19 nuclear tRNAs for arginine	tRNA gene	tRNA-Arg|tRNA-Arg|tR(UCU)D
YNCD0012W	chrIV	Aspartate tRNA (tRNA-Asp), predicted by tRNAscan-SE analysis	72	Aspartate tRNA (tRNA-Asp), predicted by tRNAscan-SE analysis	tRNA gene	tD(GUC)D|tRNA-Asp|tRNA-Asp
YNCD0013C	chrIV	Arginine tRNA (tRNA-Arg), predicted by tRNAscan-SE analysis	73	Arginine tRNA (tRNA-Arg), predicted by tRNAscan-SE analysis; one of 6 nuclear tRNA genes containing the tDNA-anticodon ACG (converted to ICG in the mature tRNA), decodes CGU, CGC, and probably CGA codons into arginine, one of 19 nuclear tRNAs for arginine	tRNA gene	tR(ACG)D|tRNA-Arg|tRNA-Arg
YNCD0014C	chrIV	Glutamine tRNA (tRNA-Gln), predicted by tRNAscan-SE analysis	72	Glutamine tRNA (tRNA-Gln), predicted by tRNAscan-SE analysis; thiolation of uridine at wobble position (34) requires Ncs6p	tRNA gene	tQ(UUG)D2|tRNA-Gln|tRNA-Gln
YNCD0015C	chrIV	Isoleucine tRNA (tRNA-Ile), predicted by tRNAscan-SE analysis	74	Isoleucine tRNA (tRNA-Ile), predicted by tRNAscan-SE analysis	tRNA gene	tI(AAU)D|tRNA-Ile|tRNA-Ile
YNCD0016C	chrIV	Glutamine tRNA (tRNA-Gln), predicted by tRNAscan-SE analysis	72	Glutamine tRNA (tRNA-Gln), predicted by tRNAscan-SE analysis; thiolation of uridine at wobble position (34) requires Ncs6p	tRNA gene	tQ(UUG)D3|tRNA-Gln|tRNA-Gln
YNCD0017W	chrIV	Isoleucine tRNA (tRNA-Ile), predicted by tRNAscan-SE analysis	133	Isoleucine tRNA (tRNA-Ile), predicted by tRNAscan-SE analysis	tRNA gene	tI(UAU)D|tRNA-Ile|tRNA-Ile
YNCD0018W	chrIV	Tyrosine tRNA (tRNA-Tyr), predicted by tRNAscan-SE analysis	89	Tyrosine tRNA (tRNA-Tyr), predicted by tRNAscan-SE analysis; can mutate to suppress ochre nonsense mutations	tRNA gene	tRNA-Tyr|tRNA-Tyr|tY(GUA)D
YNCD0019C	chrIV	Serine tRNA (tRNA-Ser), predicted by tRNAscan-SE analysis	82	Serine tRNA (tRNA-Ser), predicted by tRNAscan-SE analysis	tRNA gene	tRNA-Ser|tRNA-Ser|tS(AGA)D2
YNCD0020W	chrIV	Glycine tRNA (tRNA-Gly), predicted by tRNAscan-SE analysis	71	Glycine tRNA (tRNA-Gly), predicted by tRNAscan-SE analysis	tRNA gene	tG(GCC)D2|tRNA-Gly|tRNA-Gly
YNCD0021C	chrIV	Glutamate tRNA (tRNA-Glu), predicted by tRNAscan-SE analysis	72	Glutamate tRNA (tRNA-Glu), predicted by tRNAscan-SE analysis	tRNA gene	tE(CUC)D|tRNA-Glu|tRNA-Glu
YNCD0022C	chrIV	Valine tRNA (tRNA-Val), predicted by tRNAscan-SE analysis	73	Valine tRNA (tRNA-Val), predicted by tRNAscan-SE analysis	tRNA gene	tRNA-Val|tRNA-Val|tV(CAC)D
YNCD0023C	chrIV	Phenylalanine tRNA (tRNA-Phe), predicted by tRNAscan-SE analysis	92	Phenylalanine tRNA (tRNA-Phe), predicted by tRNAscan-SE analysis	tRNA gene	tF(GAA)D|tRNA-Phe|tRNA-Phe
YNCD0024C	chrIV	tRNA of undetermined specificity, predicted by tRNAscan-SE analysis	100	tRNA of undetermined specificity, predicted by tRNAscan-SE analysis; very similar to serine tRNAs	tRNA gene	tX(XXX)D
YNCD0025W	chrIV	Methionine tRNA (tRNA-Met), functions in translational elongation	73	Methionine tRNA (tRNA-Met), functions in translational elongation; not involved in translational initiation; predicted by tRNAscan-SE analysis	tRNA gene	tM(CAU)D|tRNA-Met|tRNA-Met
YNCD0026W	chrIV	Lysine tRNA (tRNA-Lys), predicted by tRNAscan-SE analysis	73	Lysine tRNA (tRNA-Lys), predicted by tRNAscan-SE analysis; a small portion is imported into mitochondria via interaction with mt lysyl-tRNA synthetase Msk1p and is necessary to decode AAG codons at high temperature, when base modification of mt-encoded tRNA-Lys is reduced	tRNA gene	tK(CUU)D1|tRNA-Lys|tRNA-Lys
YNCD0027C	chrIV	Glycine tRNA (tRNA-Gly), predicted by tRNAscan-SE analysis	72	Glycine tRNA (tRNA-Gly), predicted by tRNAscan-SE analysis; can mutate to suppress +1 frameshift mutations in glycine codons	tRNA gene	tG(CCC)D|tRNA-Gly|tRNA-Gly
YNCD0028W	chrIV	Serine tRNA (tRNA-Ser), predicted by tRNAscan-SE analysis	83	Serine tRNA (tRNA-Ser), predicted by tRNAscan-SE analysis	tRNA gene	tRNA-Ser|tRNA-Ser|tS(AGA)D3
YNCD0029C	chrIV	Lysine tRNA (tRNA-Lys), predicted by tRNAscan-SE analysis	73	Lysine tRNA (tRNA-Lys), predicted by tRNAscan-SE analysis; a small portion is imported into mitochondria via interaction with mt lysyl-tRNA synthetase Msk1p and is necessary to decode AAG codons at high temperature, when base modification of mt-encoded tRNA-Lys is reduced	tRNA gene	tK(CUU)D2|tRNA-Lys|tRNA-Lys
YNCD0031C	chrIV	Leucine tRNA (tRNA-Leu), predicted by tRNAscan-SE analysis	115	Leucine tRNA (tRNA-Leu), predicted by tRNAscan-SE analysis	tRNA gene	tL(CAA)D|tRNA-Leu|tRNA-Leu
YNCE0004C	chrV	Glycine tRNA (tRNA-Gly), predicted by tRNAscan-SE analysis	71	Glycine tRNA (tRNA-Gly), predicted by tRNAscan-SE analysis	tRNA gene	tG(GCC)E|tRNA-Gly|tRNA-Gly
YNCE0005W	chrV	Serine tRNA (tRNA-Ser), predicted by tRNAscan-SE analysis	82	Serine tRNA (tRNA-Ser), predicted by tRNAscan-SE analysis	tRNA gene	tRNA-Ser|tRNA-Ser|tS(AGA)E
YNCE0006W	chrV	Methionine initiator tRNA (tRNA-Met)	72	Methionine initiator tRNA (tRNA-Met); predicted by tRNAscan-SE analysis; one of four initiator methionine tRNAs in yeast that are functional for translation	tRNA gene	tM(CAU)E|tRNA-Met|tRNA-Met
YNCE0008C	chrV	Glutamine tRNA (tRNA-Gln), predicted by tRNAscan-SE analysis	72	Glutamine tRNA (tRNA-Gln), predicted by tRNAscan-SE analysis; thiolation of uridine at wobble position (34) requires Ncs6p	tRNA gene	tQ(UUG)E2|tRNA-Gln|tRNA-Gln
YNCE0009C	chrV	Lysine tRNA (tRNA-Lys), predicted by tRNAscan-SE analysis	73	Lysine tRNA (tRNA-Lys), predicted by tRNAscan-SE analysis; a small portion is imported into mitochondria via interaction with mt lysyl-tRNA synthetase Msk1p and is necessary to decode AAG codons at high temperature, when base modification of mt-encoded tRNA-Lys is reduced	tRNA gene	tK(CUU)E1|tRNA-Lys|tRNA-Lys
YNCE0010W	chrV	Arginine tRNA (tRNA-Arg), predicted by tRNAscan-SE analysis	72	Arginine tRNA (tRNA-Arg), predicted by tRNAscan-SE analysis; one of 11 nuclear tRNA genes containing the tDNA-anticodon UCU (converted to mcm5-UCU in the mature tRNA), decodes AGA codons into arginine, one of 19 nuclear tRNAs for arginine	tRNA gene	tRNA-Arg|tRNA-Arg|tR(UCU)E
YNCE0012W	chrV	Glutamate tRNA (tRNA-Glu), predicted by tRNAscan-SE analysis	72	Glutamate tRNA (tRNA-Glu), predicted by tRNAscan-SE analysis; thiolation of uridine at wobble position (34) requires Ncs6p; target of K. lactis zymocin	tRNA gene	tE(UUC)E1|tRNA-Glu|tRNA-Glu
YNCE0013W	chrV	Histidine tRNA (tRNA-His), predicted by tRNAscan-SE analysis	72	Histidine tRNA (tRNA-His), predicted by tRNAscan-SE analysis	tRNA gene	tH(GUG)E1|tRNA-His|tRNA-His
YNCE0014W	chrV	Glutamine tRNA (tRNA-Gln), predicted by tRNAscan-SE analysis	72	Glutamine tRNA (tRNA-Gln), predicted by tRNAscan-SE analysis; thiolation of uridine at wobble position (34) requires Ncs6p	tRNA gene	tQ(UUG)E1|tRNA-Gln|tRNA-Gln
YNCE0015C	chrV	Serine tRNA (tRNA-Ser), predicted by tRNAscan-SE analysis	82	Serine tRNA (tRNA-Ser), predicted by tRNAscan-SE analysis; can mutate to suppress ochre nonsense mutations	tRNA gene	SUP20|tRNA-Ser|tRNA-Ser|tS(UGA)E
YNCE0016C	chrV	Alanine tRNA (tRNA-Ala), predicted by tRNAscan-SE analysis	73	Alanine tRNA (tRNA-Ala), predicted by tRNAscan-SE analysis; one of 5 nuclear tRNA genes containing the tDNA-anticodon TGC (mature tRNA may be UGC or may contain modified bases), decodes GCA and probably GCG codons into alanine, one of 16 nuclear tRNAs for alanine	tRNA gene	tA(UGC)E|tRNA-Ala|tRNA-Ala
YNCE0018W	chrV	Glutamate tRNA (tRNA-Glu), predicted by tRNAscan-SE analysis	72	Glutamate tRNA (tRNA-Glu), predicted by tRNAscan-SE analysis; thiolation of uridine at wobble position (34) requires Ncs6p	tRNA gene	tE(UUC)E2|tRNA-Glu|tRNA-Glu
YNCE0021C	chrV	Histidine tRNA (tRNA-His), predicted by tRNAscan-SE analysis	72	Histidine tRNA (tRNA-His), predicted by tRNAscan-SE analysis	tRNA gene	tH(GUG)E2|tRNA-His|tRNA-His
YNCE0022C	chrV	Lysine tRNA (tRNA-Lys), predicted by tRNAscan-SE analysis	73	Lysine tRNA (tRNA-Lys), predicted by tRNAscan-SE analysis; a small portion is imported into mitochondria via interaction with mt lysyl-tRNA synthetase Msk1p and is necessary to decode AAG codons at high temperature, when base modification of mt-encoded tRNA-Lys is reduced	tRNA gene	tK(CUU)E2|tRNA-Lys|tRNA-Lys
YNCE0023W	chrV	Valine tRNA (tRNA-Val), predicted by tRNAscan-SE analysis	74	Valine tRNA (tRNA-Val), predicted by tRNAscan-SE analysis	tRNA gene	tRNA-Val|tRNA-Val|tV(AAC)E1
YNCE0025C	chrV	Isoleucine tRNA (tRNA-Ile), predicted by tRNAscan-SE analysis	74	Isoleucine tRNA (tRNA-Ile), predicted by tRNAscan-SE analysis	tRNA gene	tI(AAU)E1|tRNA-Ile|tRNA-Ile
YNCE0026W	chrV	Valine tRNA (tRNA-Val), predicted by tRNAscan-SE analysis	74	Valine tRNA (tRNA-Val), predicted by tRNAscan-SE analysis	tRNA gene	tRNA-Val|tRNA-Val|tV(AAC)E2
YNCE0027C	chrV	Glutamate tRNA (tRNA-Glu), predicted by tRNAscan-SE analysis	72	Glutamate tRNA (tRNA-Glu), predicted by tRNAscan-SE analysis; thiolation of uridine at wobble position (34) requires Ncs6p; target of K. lactis zymocin	tRNA gene	tE(UUC)E3|tRNA-Glu|tRNA-Glu
YNCE0028C	chrV	Arginine tRNA (tRNA-Arg), predicted by tRNAscan-SE analysis	73	Arginine tRNA (tRNA-Arg), predicted by tRNAscan-SE analysis; one of 6 nuclear tRNA genes containing the tDNA-anticodon ACG (converted to ICG in the mature tRNA), decodes CGU, CGC, and probably CGA codons into arginine, one of 19 nuclear tRNAs for arginine	tRNA gene	tR(ACG)E|tRNA-Arg|tRNA-Arg
YNCE0029C	chrV	Isoleucine tRNA (tRNA-Ile), predicted by tRNAscan-SE analysis	74	Isoleucine tRNA (tRNA-Ile), predicted by tRNAscan-SE analysis	tRNA gene	tI(AAU)E2|tRNA-Ile|tRNA-Ile
YNCF0002W	chrVI	Proline tRNA (tRNA-Pro), predicted by tRNAscan-SE analysis	103	Proline tRNA (tRNA-Pro), predicted by tRNAscan-SE analysis; can mutate to suppress +1 frameshift mutations in proline codons	tRNA gene	tP(UGG)F|tRNA-Pro|tRNA-Pro
YNCF0004C	chrVI	Asparagine tRNA (tRNA-Asn), predicted by tRNAscan-SE analysis	74	Asparagine tRNA (tRNA-Asn), predicted by tRNAscan-SE analysis	tRNA gene	tN(GUU)F|tRNA-Asn|tRNA-Asn
YNCF0005C	chrVI	Phenylalanine tRNA (tRNA-Phe), predicted by tRNAscan-SE analysis	92	Phenylalanine tRNA (tRNA-Phe), predicted by tRNAscan-SE analysis	tRNA gene	tF(GAA)F|tRNA-Phe|tRNA-Phe
YNCF0006W	chrVI	Glycine tRNA (tRNA-Gly), predicted by tRNAscan-SE analysis	71	Glycine tRNA (tRNA-Gly), predicted by tRNAscan-SE analysis; can mutate to suppress +1 frameshift mutations in glycine codons	tRNA gene	tG(GCC)F1|tRNA-Gly|tRNA-Gly
YNCF0007W	chrVI	Tyrosine tRNA (tRNA-Tyr), predicted by tRNAscan-SE analysis	89	Tyrosine tRNA (tRNA-Tyr), predicted by tRNAscan-SE analysis; can mutate to suppress ochre nonsense mutations	tRNA gene	tRNA-Tyr|tRNA-Tyr|tY(GUA)F1
YNCF0008C	chrVI	Glycine tRNA (tRNA-Gly), predicted by tRNAscan-SE analysis	71	Glycine tRNA (tRNA-Gly), predicted by tRNAscan-SE analysis	tRNA gene	tG(GCC)F2|tRNA-Gly|tRNA-Gly
YNCF0009C	chrVI	Serine tRNA (tRNA-Ser), predicted by tRNAscan-SE analysis	101	Serine tRNA (tRNA-Ser), predicted by tRNAscan-SE analysis	tRNA gene	tRNA-Ser|tRNA-Ser|tS(GCU)F
YNCF0011C	chrVI	Alanine tRNA (tRNA-Ala), predicted by tRNAscan-SE analysis	73	Alanine tRNA (tRNA-Ala), predicted by tRNAscan-SE analysis; one of 11 nuclear tRNA genes containing the tDNA-anticodon AGC (converted to IGC in the mature tRNA), decodes GCU and GCC codons into alanine, one of 16 nuclear tRNAs for alanine	tRNA gene	tA(AGC)F|tRNA-Ala|tRNA-Ala
YNCF0012C	chrVI	Tyrosine tRNA (tRNA-Tyr), predicted by tRNAscan-SE analysis	89	Tyrosine tRNA (tRNA-Tyr), predicted by tRNAscan-SE analysis; can mutate to suppress ochre nonsense mutations	tRNA gene	tRNA-Tyr|tRNA-Tyr|tY(GUA)F2
YNCF0014C	chrVI	Lysine tRNA (tRNA-Lys), predicted by tRNAscan-SE analysis	73	Lysine tRNA (tRNA-Lys), predicted by tRNAscan-SE analysis; a small portion is imported into mitochondria via interaction with mt lysyl-tRNA synthetase Msk1p and is necessary to decode AAG codons at high temperature, when base modification of mt-encoded tRNA-Lys is reduced	tRNA gene	tK(CUU)F|tRNA-Lys|tRNA-Lys
YNCG0002C	chrVII	Valine tRNA (tRNA-Val), predicted by tRNAscan-SE analysis	74	Valine tRNA (tRNA-Val), predicted by tRNAscan-SE analysis	tRNA gene	tRNA-Val|tRNA-Val|tV(AAC)G3
YNCG0003C	chrVII	Histidine tRNA (tRNA-His), predicted by tRNAscan-SE analysis	72	Histidine tRNA (tRNA-His), predicted by tRNAscan-SE analysis	tRNA gene	tH(GUG)G1|tRNA-His|tRNA-His
YNCG0004W	chrVII	Lysine tRNA (tRNA-Lys), predicted by tRNAscan-SE analysis	96	Lysine tRNA (tRNA-Lys), predicted by tRNAscan-SE analysis; thiolation of uridine at wobble position (34) requires Ncs6p	tRNA gene	tK(UUU)G1|tRNA-Lys|tRNA-Lys
YNCG0005W	chrVII	Lysine tRNA (tRNA-Lys), predicted by tRNAscan-SE analysis	73	Lysine tRNA (tRNA-Lys), predicted by tRNAscan-SE analysis; a small portion is imported into mitochondria via interaction with mt lysyl-tRNA synthetase Msk1p and is necessary to decode AAG codons at high temperature, when base modification of mt-encoded tRNA-Lys is reduced	tRNA gene	tK(CUU)G1|tRNA-Lys|tRNA-Lys
YNCG0007C	chrVII	Lysine tRNA (tRNA-Lys), predicted by tRNAscan-SE analysis	73	Lysine tRNA (tRNA-Lys), predicted by tRNAscan-SE analysis; a small portion is imported into mitochondria via interaction with mt lysyl-tRNA synthetase Msk1p and is necessary to decode AAG codons at high temperature, when base modification of mt-encoded tRNA-Lys is reduced	tRNA gene	tK(CUU)G2|tRNA-Lys|tRNA-Lys
YNCG0008W	chrVII	Leucine tRNA (tRNA-Leu), predicted by tRNAscan-SE analysis	114	Leucine tRNA (tRNA-Leu), predicted by tRNAscan-SE analysis	tRNA gene	tL(CAA)G1|tRNA-Leu|tRNA-Leu
YNCG0009C	chrVII	Tryptophan tRNA (tRNA-Trp), predicted by tRNAscan-SE analysis	106	Tryptophan tRNA (tRNA-Trp), predicted by tRNAscan-SE analysis	tRNA gene	tRNA-Trp|tRNA-Trp|tW(CCA)G1
YNCG0011W	chrVII	Histidine tRNA (tRNA-His), predicted by tRNAscan-SE analysis	72	Histidine tRNA (tRNA-His), predicted by tRNAscan-SE analysis	tRNA gene	tH(GUG)G2|tRNA-His|tRNA-His
YNCG0012W	chrVII	Glutamate tRNA (tRNA-Glu), predicted by tRNAscan-SE analysis	72	Glutamate tRNA (tRNA-Glu), predicted by tRNAscan-SE analysis; thiolation of uridine at wobble position (34) requires Ncs6p; can mutate to become a missense suppressor tRNA that inserts glutamate residues at lysine codons; target of K. lactis zymocin	tRNA gene	tE(UUC)G1|tRNA-Glu|tRNA-Glu
YNCG0016C	chrVII	Glutamate tRNA (tRNA-Glu), predicted by tRNAscan-SE analysis	72	Glutamate tRNA (tRNA-Glu), predicted by tRNAscan-SE analysis; thiolation of uridine at wobble position (34) requires Ncs6p	tRNA gene	tE(UUC)G2|tRNA-Glu|tRNA-Glu
YNCG0017W	chrVII	Arginine tRNA (tRNA-Arg), predicted by tRNAscan-SE analysis	72	Arginine tRNA (tRNA-Arg), predicted by tRNAscan-SE analysis; one of 11 nuclear tRNA genes containing the tDNA-anticodon UCU (converted to mcm5-UCU in the mature tRNA), decodes AGA codons into arginine, one of 19 nuclear tRNAs for arginine	tRNA gene	tRNA-Arg|tRNA-Arg|tR(UCU)G1
YNCG0018C	chrVII	Valine tRNA (tRNA-Val), predicted by tRNAscan-SE analysis	74	Valine tRNA (tRNA-Val), predicted by tRNAscan-SE analysis	tRNA gene	tRNA-Val|tRNA-Val|tV(AAC)G1
YNCG0019W	chrVII	Leucine tRNA (tRNA-Leu), predicted by tRNAscan-SE analysis	114	Leucine tRNA (tRNA-Leu), predicted by tRNAscan-SE analysis; can mutate to suppress amber nonsense mutations	tRNA gene	tL(CAA)G2|tRNA-Leu|tRNA-Leu
YNCG0020C	chrVII	Phenylalanine tRNA (tRNA-Phe), predicted by tRNAscan-SE analysis	92	Phenylalanine tRNA (tRNA-Phe), predicted by tRNAscan-SE analysis	tRNA gene	tF(GAA)G|tRNA-Phe|tRNA-Phe
YNCG0021W	chrVII	Aspartate tRNA (tRNA-Asp), predicted by tRNAscan-SE analysis	72	Aspartate tRNA (tRNA-Asp), predicted by tRNAscan-SE analysis	tRNA gene	tD(GUC)G1|tRNA-Asp|tRNA-Asp
YNCG0022W	chrVII	Glutamate tRNA (tRNA-Glu), predicted by tRNAscan-SE analysis	72	Glutamate tRNA (tRNA-Glu), predicted by tRNAscan-SE analysis; thiolation of uridine at wobble position (34) requires Ncs6p; target of K. lactis zymocin	tRNA gene	tE(UUC)G3|tRNA-Glu|tRNA-Glu
YNCG0023C	chrVII	Aspartate tRNA (tRNA-Asp), predicted by tRNAscan-SE analysis	72	Aspartate tRNA (tRNA-Asp), predicted by tRNAscan-SE analysis	tRNA gene	tD(GUC)G2|tRNA-Asp|tRNA-Asp
YNCG0025C	chrVII	Serine tRNA (tRNA-Ser), predicted by tRNAscan-SE analysis	82	Serine tRNA (tRNA-Ser), predicted by tRNAscan-SE analysis	tRNA gene	tRNA-Ser|tRNA-Ser|tS(AGA)G
YNCG0027W	chrVII	Threonine tRNA (tRNA-Thr), predicted by tRNAscan-SE analysis	72	Threonine tRNA (tRNA-Thr), predicted by tRNAscan-SE analysis	tRNA gene	tRNA-Thr|tRNA-Thr|tT(UGU)G1
YNCG0028W	chrVII	Leucine tRNA (tRNA-Leu), predicted by tRNAscan-SE analysis	82	Leucine tRNA (tRNA-Leu), predicted by tRNAscan-SE analysis; not essential for viability even though this is the only tRNA that decodes GAG codons	tRNA gene	tL(GAG)G|tRNA-Leu|tRNA-Leu
YNCG0029C	chrVII	Lysine tRNA (tRNA-Lys), predicted by tRNAscan-SE analysis	96	Lysine tRNA (tRNA-Lys), predicted by tRNAscan-SE analysis; thiolation of uridine at wobble position (34) requires Ncs6p	tRNA gene	tK(UUU)G2|tRNA-Lys|tRNA-Lys
YNCG0030C	chrVII	Cysteine tRNA (tRNA-Cys), predicted by tRNAscan-SE analysis	72	Cysteine tRNA (tRNA-Cys), predicted by tRNAscan-SE analysis	tRNA gene	tC(GCA)G|tRNA-Cys|tRNA-Cys
YNCG0031W	chrVII	Asparagine tRNA (tRNA-Asn), predicted by tRNAscan-SE analysis	74	Asparagine tRNA (tRNA-Asn), predicted by tRNAscan-SE analysis	tRNA gene	tN(GUU)G|tRNA-Asn|tRNA-Asn
YNCG0032W	chrVII	Arginine tRNA (tRNA-Arg), predicted by tRNAscan-SE analysis	72	Arginine tRNA (tRNA-Arg), predicted by tRNAscan-SE analysis; one of 11 nuclear tRNA genes containing the tDNA-anticodon UCU (converted to mcm5-UCU in the mature tRNA), decodes AGA codons into arginine, one of 19 nuclear tRNAs for arginine	tRNA gene	tRNA-Arg|tRNA-Arg|tR(UCU)G3
YNCG0033W	chrVII	Isoleucine tRNA (tRNA-Ile), predicted by tRNAscan-SE analysis	74	Isoleucine tRNA (tRNA-Ile), predicted by tRNAscan-SE analysis	tRNA gene	tI(AAU)G|tRNA-Ile|tRNA-Ile
YNCG0034W	chrVII	Alanine tRNA (tRNA-Ala), predicted by tRNAscan-SE analysis	73	Alanine tRNA (tRNA-Ala), predicted by tRNAscan-SE analysis; one of 11 nuclear tRNA genes containing the tDNA-anticodon AGC (converted to IGC in the mature tRNA), decodes GCU and GCC codons into alanine, one of 16 nuclear tRNAs for alanine	tRNA gene	tA(AGC)G|tRNA-Ala|tRNA-Ala
YNCG0035W	chrVII	Glycine tRNA (tRNA-Gly), predicted by tRNAscan-SE analysis	72	Glycine tRNA (tRNA-Gly), predicted by tRNAscan-SE analysis; can mutate to suppress +1 frameshift mutations in glycine codons	tRNA gene	tG(UCC)G|tRNA-Gly|tRNA-Gly
YNCG0036W	chrVII	Alanine tRNA (tRNA-Ala), predicted by tRNAscan-SE analysis	73	Alanine tRNA (tRNA-Ala), predicted by tRNAscan-SE analysis; one of 5 nuclear tRNA genes containing the tDNA-anticodon TGC (mature tRNA may be UGC or may contain modified bases), decodes GCA and probably GCG codons into alanine, one of 16 nuclear tRNAs for alanine	tRNA gene	tA(UGC)G|tRNA-Ala|tRNA-Ala
YNCG0037W	chrVII	Valine tRNA (tRNA-Val), predicted by tRNAscan-SE analysis	74	Valine tRNA (tRNA-Val), predicted by tRNAscan-SE analysis	tRNA gene	tRNA-Val|tRNA-Val|tV(AAC)G2
YNCG0038C	chrVII	Arginine tRNA (tRNA-Arg), predicted by tRNAscan-SE analysis	72	Arginine tRNA (tRNA-Arg), predicted by tRNAscan-SE analysis; one of 11 nuclear tRNA genes containing the tDNA-anticodon UCU (converted to mcm5-UCU in the mature tRNA), decodes AGA codons into arginine, one of 19 nuclear tRNAs for arginine	tRNA gene	tRNA-Arg|tRNA-Arg|tR(UCU)G2
YNCG0039W	chrVII	Glycine tRNA (tRNA-Gly), predicted by tRNAscan-SE analysis	71	Glycine tRNA (tRNA-Gly), predicted by tRNAscan-SE analysis	tRNA gene	tG(GCC)G1|tRNA-Gly|tRNA-Gly
YNCG0040C	chrVII	Leucine tRNA (tRNA-Leu), predicted by tRNAscan-SE analysis	114	Leucine tRNA (tRNA-Leu), predicted by tRNAscan-SE analysis	tRNA gene	tL(CAA)G3|tRNA-Leu|tRNA-Leu
YNCG0041W	chrVII	Lysine tRNA (tRNA-Lys), predicted by tRNAscan-SE analysis	73	Lysine tRNA (tRNA-Lys), predicted by tRNAscan-SE analysis; a small portion is imported into mitochondria via interaction with mt lysyl-tRNA synthetase Msk1p and is necessary to decode AAG codons at high temperature, when base modification of mt-encoded tRNA-Lys is reduced	tRNA gene	tK(CUU)G3|tRNA-Lys|tRNA-Lys
YNCG0042C	chrVII	Tryptophan tRNA (tRNA-Trp), predicted by tRNAscan-SE analysis	106	Tryptophan tRNA (tRNA-Trp), predicted by tRNAscan-SE analysis	tRNA gene	tRNA-Trp|tRNA-Trp|tW(CCA)G2
YNCG0043C	chrVII	Glycine tRNA (tRNA-Gly), predicted by tRNAscan-SE analysis	71	Glycine tRNA (tRNA-Gly), predicted by tRNAscan-SE analysis	tRNA gene	tG(GCC)G2|tRNA-Gly|tRNA-Gly
YNCG0046W	chrVII	Threonine tRNA (tRNA-Thr), predicted by tRNAscan-SE analysis	72	Threonine tRNA (tRNA-Thr), predicted by tRNAscan-SE analysis	tRNA gene	tRNA-Thr|tRNA-Thr|tT(UGU)G2
YNCH0001W	chrVIII	Histidine tRNA (tRNA-His), predicted by tRNAscan-SE analysis	72	Histidine tRNA (tRNA-His), predicted by tRNAscan-SE analysis	tRNA gene	tH(GUG)H|tRNA-His|tRNA-His
YNCH0002C	chrVIII	Valine tRNA (tRNA-Val), predicted by tRNAscan-SE analysis	74	Valine tRNA (tRNA-Val), predicted by tRNAscan-SE analysis	tRNA gene	tRNA-Val|tRNA-Val|tV(AAC)H
YNCH0003C	chrVIII	Threonine tRNA (tRNA-Thr), predicted by tRNAscan-SE analysis	73	Threonine tRNA (tRNA-Thr), predicted by tRNAscan-SE analysis	tRNA gene	tRNA-Thr|tRNA-Thr|tT(AGU)H
YNCH0004C	chrVIII	Serine tRNA (tRNA-Ser), predicted by tRNAscan-SE analysis	82	Serine tRNA (tRNA-Ser), predicted by tRNAscan-SE analysis	tRNA gene	tRNA-Ser|tRNA-Ser|tS(AGA)H
YNCH0005W	chrVIII	Glutamine tRNA (tRNA-Gln), predicted by tRNAscan-SE analysis	72	Glutamine tRNA (tRNA-Gln), predicted by tRNAscan-SE analysis; thiolation of uridine at wobble position (34) requires Ncs6p	tRNA gene	tQ(UUG)H|tRNA-Gln|tRNA-Gln
YNCH0006C	chrVIII	Alanine tRNA (tRNA-Ala), predicted by tRNAscan-SE analysis	73	Alanine tRNA (tRNA-Ala), predicted by tRNAscan-SE analysis; one of 11 nuclear tRNA genes containing the tDNA-anticodon AGC (converted to IGC in the mature tRNA), decodes GCU and GCC codons into alanine, one of 16 nuclear tRNAs for alanine	tRNA gene	tA(AGC)H|tRNA-Ala|tRNA-Ala
YNCH0009C	chrVIII	Phenylalanine tRNA (tRNA-Phe), predicted by tRNAscan-SE analysis	92	Phenylalanine tRNA (tRNA-Phe), predicted by tRNAscan-SE analysis	tRNA gene	tF(GAA)H1|tRNA-Phe|tRNA-Phe
YNCH0010C	chrVIII	Phenylalanine tRNA (tRNA-Phe), predicted by tRNAscan-SE analysis	92	Phenylalanine tRNA (tRNA-Phe), predicted by tRNAscan-SE analysis	tRNA gene	tF(GAA)H2|tRNA-Phe|tRNA-Phe
YNCH0013C	chrVIII	Proline tRNA (tRNA-Pro), predicted by tRNAscan-SE analysis	103	Proline tRNA (tRNA-Pro), predicted by tRNAscan-SE analysis; target of K. lactis zymocin; can mutate to suppress +1 frameshift mutations in proline codons	tRNA gene	tP(UGG)H|tRNA-Pro|tRNA-Pro
YNCH0015W	chrVIII	Threonine tRNA (tRNA-Thr), predicted by tRNAscan-SE analysis	72	Threonine tRNA (tRNA-Thr), predicted by tRNAscan-SE analysis	tRNA gene	tRNA-Thr|tRNA-Thr|tT(UGU)H
YNCH0016C	chrVIII	Valine tRNA (tRNA-Val), predicted by tRNAscan-SE analysis	73	Valine tRNA (tRNA-Val), predicted by tRNAscan-SE analysis	tRNA gene	tRNA-Val|tRNA-Val|tV(CAC)H
YNCI0002W	chrIX	Threonine tRNA (tRNA-Thr), predicted by tRNAscan-SE analysis	73	Threonine tRNA (tRNA-Thr), predicted by tRNAscan-SE analysis	tRNA gene	tRNA-Thr|tRNA-Thr|tT(AGU)I1
YNCI0003C	chrIX	Isoleucine tRNA (tRNA-Ile), predicted by tRNAscan-SE analysis	74	Isoleucine tRNA (tRNA-Ile), predicted by tRNAscan-SE analysis	tRNA gene	tI(AAU)I1|tRNA-Ile|tRNA-Ile
YNCI0004W	chrIX	Glutamate tRNA (tRNA-Glu), predicted by tRNAscan-SE analysis	72	Glutamate tRNA (tRNA-Glu), predicted by tRNAscan-SE analysis	tRNA gene	tE(CUC)I|tRNA-Glu|tRNA-Glu
YNCI0005W	chrIX	Isoleucine tRNA (tRNA-Ile), predicted by tRNAscan-SE analysis	74	Isoleucine tRNA (tRNA-Ile), predicted by tRNAscan-SE analysis	tRNA gene	tI(AAU)I2|tRNA-Ile|tRNA-Ile
YNCI0006W	chrIX	Serine tRNA (tRNA-Ser), predicted by tRNAscan-SE analysis	82	Serine tRNA (tRNA-Ser), predicted by tRNAscan-SE analysis; can mutate to suppress ochre nonsense mutations	tRNA gene	tRNA-Ser|tRNA-Ser|tS(UGA)I
YNCI0007C	chrIX	Lysine tRNA (tRNA-Lys), predicted by tRNAscan-SE analysis	73	Lysine tRNA (tRNA-Lys), predicted by tRNAscan-SE analysis; a small portion is imported into mitochondria via interaction with mt lysyl-tRNA synthetase Msk1p and is necessary to decode AAG codons at high temperature, when base modification of mt-encoded tRNA-Lys is reduced	tRNA gene	tK(CUU)I|tRNA-Lys|tRNA-Lys
YNCI0008C	chrIX	Aspartate tRNA (tRNA-Asp), predicted by tRNAscan-SE analysis	72	Aspartate tRNA (tRNA-Asp), predicted by tRNAscan-SE analysis	tRNA gene	tD(GUC)I1|tRNA-Asp|tRNA-Asp
YNCI0009W	chrIX	Threonine tRNA (tRNA-Thr), predicted by tRNAscan-SE analysis	73	Threonine tRNA (tRNA-Thr), predicted by tRNAscan-SE analysis	tRNA gene	tRNA-Thr|tRNA-Thr|tT(AGU)I2
YNCI0010C	chrIX	Aspartate tRNA (tRNA-Asp), predicted by tRNAscan-SE analysis	72	Aspartate tRNA (tRNA-Asp), predicted by tRNAscan-SE analysis	tRNA gene	tD(GUC)I2|tRNA-Asp|tRNA-Asp
YNCI0011W	chrIX	Glutamate tRNA (tRNA-Glu), predicted by tRNAscan-SE analysis	72	Glutamate tRNA (tRNA-Glu), predicted by tRNAscan-SE analysis; thiolation of uridine at wobble position (34) requires Ncs6p	tRNA gene	tE(UUC)I|tRNA-Glu|tRNA-Glu
YNCJ0001C	chrX	Threonine tRNA (tRNA-Thr), predicted by tRNAscan-SE analysis	73	Threonine tRNA (tRNA-Thr), predicted by tRNAscan-SE analysis	tRNA gene	tRNA-Thr|tRNA-Thr|tT(AGU)J
YNCJ0002C	chrX	Glutamate tRNA (tRNA-Glu), predicted by tRNAscan-SE analysis	72	Glutamate tRNA (tRNA-Glu), predicted by tRNAscan-SE analysis; thiolation of uridine at wobble position (34) requires Ncs6p; target of K. lactis zymocin	tRNA gene	tE(UUC)J|tRNA-Glu|tRNA-Glu
YNCJ0005C	chrX	Alanine tRNA (tRNA-Ala), predicted by tRNAscan-SE analysis	73	Alanine tRNA (tRNA-Ala), predicted by tRNAscan-SE analysis; one of 11 nuclear tRNA genes containing the tDNA-anticodon AGC (converted to IGC in the mature tRNA), decodes GCU and GCC codons into alanine, one of 16 nuclear tRNAs for alanine	tRNA gene	tA(AGC)J|tRNA-Ala|tRNA-Ala
YNCJ0006W	chrX	Aspartate tRNA (tRNA-Asp), predicted by tRNAscan-SE analysis	72	Aspartate tRNA (tRNA-Asp), predicted by tRNAscan-SE analysis	tRNA gene	tD(GUC)J1|tRNA-Asp|tRNA-Asp
YNCJ0008W	chrX	Arginine tRNA (tRNA-Arg), predicted by tRNAscan-SE analysis	73	Arginine tRNA (tRNA-Arg), predicted by tRNAscan-SE analysis; one of 6 nuclear tRNA genes containing the tDNA-anticodon ACG (converted to ICG in the mature tRNA), decodes CGU, CGC, and probably CGA codons into arginine, one of 19 nuclear tRNAs for arginine	tRNA gene	tR(ACG)J|tRNA-Arg|tRNA-Arg
YNCJ0010W	chrX	Tyrosine tRNA (tRNA-Tyr), predicted by tRNAscan-SE analysis	89	Tyrosine tRNA (tRNA-Tyr), predicted by tRNAscan-SE analysis; can mutate to suppress ochre nonsense mutations	tRNA gene	tRNA-Tyr|tRNA-Tyr|tY(GUA)J1
YNCJ0011W	chrX	Arginine tRNA (tRNA-Arg), predicted by tRNAscan-SE analysis	72	Arginine tRNA (tRNA-Arg), predicted by tRNAscan-SE analysis; one of 11 nuclear tRNA genes containing the tDNA-anticodon UCU (converted to mcm5-UCU in the mature tRNA), decodes AGA codons into arginine, one of 19 nuclear tRNAs for arginine	tRNA gene	tRNA-Arg|tRNA-Arg|tR(UCU)J1
YNCJ0012W	chrX	Aspartate tRNA (tRNA-Asp), predicted by tRNAscan-SE analysis	72	Aspartate tRNA (tRNA-Asp), predicted by tRNAscan-SE analysis	tRNA gene	tD(GUC)J2|tRNA-Asp|tRNA-Asp
YNCJ0013C	chrX	Aspartate tRNA (tRNA-Asp), predicted by tRNAscan-SE analysis	72	Aspartate tRNA (tRNA-Asp), predicted by tRNAscan-SE analysis	tRNA gene	tD(GUC)J3|tRNA-Asp|tRNA-Asp
YNCJ0014C	chrX	Arginine tRNA (tRNA-Arg), predicted by tRNAscan-SE analysis	72	Arginine tRNA (tRNA-Arg), predicted by tRNAscan-SE analysis; one of 11 nuclear tRNA genes containing the tDNA-anticodon UCU (converted to mcm5-UCU in the mature tRNA), decodes AGA codons into arginine, one of 19 nuclear tRNAs for arginine	tRNA gene	tRNA-Arg|tRNA-Arg|tR(UCU)J2
YNCJ0015W	chrX	Valine tRNA (tRNA-Val), predicted by tRNAscan-SE analysis	74	Valine tRNA (tRNA-Val), predicted by tRNAscan-SE analysis	tRNA gene	tRNA-Val|tRNA-Val|tV(AAC)J
YNCJ0016C	chrX	Methionine tRNA (tRNA-Met), functions in translational elongation	73	Methionine tRNA (tRNA-Met), functions in translational elongation; not involved in translational initiation; predicted by tRNAscan-SE analysis	tRNA gene	tM(CAU)J1|tRNA-Met|tRNA-Met
YNCJ0017C	chrX	Glycine tRNA (tRNA-Gly), predicted by tRNAscan-SE analysis	71	Glycine tRNA (tRNA-Gly), predicted by tRNAscan-SE analysis	tRNA gene	tG(GCC)J1|tRNA-Gly|tRNA-Gly
YNCJ0018W	chrX	Lysine tRNA (tRNA-Lys), predicted by tRNAscan-SE analysis	73	Lysine tRNA (tRNA-Lys), predicted by tRNAscan-SE analysis; a small portion is imported into mitochondria via interaction with mt lysyl-tRNA synthetase Msk1p and is necessary to decode AAG codons at high temperature, when base modification of mt-encoded tRNA-Lys is reduced	tRNA gene	tK(CUU)J|tRNA-Lys|tRNA-Lys
YNCJ0019C	chrX	Tryptophan tRNA (tRNA-Trp), predicted by tRNAscan-SE analysis	106	Tryptophan tRNA (tRNA-Trp), predicted by tRNAscan-SE analysis	tRNA gene	tRNA-Trp|tRNA-Trp|tW(CCA)J
YNCJ0020W	chrX	Methionine tRNA (tRNA-Met), functions in translational elongation	73	Methionine tRNA (tRNA-Met), functions in translational elongation; not involved in translational initiation; predicted by tRNAscan-SE analysis	tRNA gene	tM(CAU)J2|tRNA-Met|tRNA-Met
YNCJ0021C	chrX	Leucine tRNA (tRNA-Leu), predicted by tRNAscan-SE analysis	84	Leucine tRNA (tRNA-Leu), predicted by tRNAscan-SE analysis; can mutate to suppress amber nonsense mutations	tRNA gene	SUP52|tL(UAA)J|tRNA-Leu|tRNA-Leu
YNCJ0022C	chrX	Methionine initiator tRNA (tRNA-Met)	72	Methionine initiator tRNA (tRNA-Met); predicted by tRNAscan-SE analysis; one of four initiator methionine tRNAs in yeast that are functional for translation	tRNA gene	tM(CAU)J3|tRNA-Met|tRNA-Met
YNCJ0023C	chrX	Serine tRNA (tRNA-Ser), predicted by tRNAscan-SE analysis	82	Serine tRNA (tRNA-Ser), predicted by tRNAscan-SE analysis	tRNA gene	tRNA-Ser|tRNA-Ser|tS(AGA)J
YNCJ0024W	chrX	Glycine tRNA (tRNA-Gly)	71	Glycine tRNA (tRNA-Gly); can mutate to suppress +1 frameshift mutations	tRNA gene	tG(GCC)J2|tRNA-Gly|tRNA-Gly
YNCJ0025W	chrX	Arginine tRNA (tRNA-Arg), predicted by tRNAscan-SE analysis	72	Arginine tRNA (tRNA-Arg), predicted by tRNAscan-SE analysis; low abundance tRNA required for growth on nonfermentable carbon sources at high temperatures, for synthesis of heat shock protein Ssc1p, and for Ty1 retrotransposition through the regulation of translational frameshifting	tRNA gene	tR(CCU)J|tRNA-Arg|tRNA-Arg
YNCJ0026W	chrX	Aspartate tRNA (tRNA-Asp), predicted by tRNAscan-SE analysis	72	Aspartate tRNA (tRNA-Asp), predicted by tRNAscan-SE analysis	tRNA gene	tD(GUC)J4|tRNA-Asp|tRNA-Asp
YNCJ0027C	chrX	Tyrosine tRNA (tRNA-Tyr), predicted by tRNAscan-SE analysis	89	Tyrosine tRNA (tRNA-Tyr), predicted by tRNAscan-SE analysis; can mutate to suppress ochre nonsense mutations	tRNA gene	tRNA-Tyr|tRNA-Tyr|tY(GUA)J2
YNCJ0029W	chrX	Leucine tRNA (tRNA-Leu), predicted by tRNAscan-SE analysis	101	Leucine tRNA (tRNA-Leu), predicted by tRNAscan-SE analysis	tRNA gene	tL(UAG)J|tRNA-Leu|tRNA-Leu
YNCK0002C	chrXI	Threonine tRNA (tRNA-Thr), predicted by tRNAscan-SE analysis	72	Threonine tRNA (tRNA-Thr), predicted by tRNAscan-SE analysis; correct folding and efficient aminoacylation require Lhp1p	tRNA gene	tRNA-Thr|tRNA-Thr|tT(CGU)K
YNCK0003W	chrXI	Asparagine tRNA (tRNA-Asn), predicted by tRNAscan-SE analysis	74	Asparagine tRNA (tRNA-Asn), predicted by tRNAscan-SE analysis	tRNA gene	tN(GUU)K|tRNA-Asn|tRNA-Asn
YNCK0004W	chrXI	Leucine tRNA (tRNA-Leu), predicted by tRNAscan-SE analysis	84	Leucine tRNA (tRNA-Leu), predicted by tRNAscan-SE analysis	tRNA gene	tL(UAA)K|tRNA-Leu|tRNA-Leu
YNCK0005C	chrXI	Glutamate tRNA (tRNA-Glu), predicted by tRNAscan-SE analysis	72	Glutamate tRNA (tRNA-Glu), predicted by tRNAscan-SE analysis; thiolation of uridine at wobble position (34) requires Ncs6p	tRNA gene	tE(UUC)K|tRNA-Glu|tRNA-Glu
YNCK0006C	chrXI	Arginine tRNA (tRNA-Arg), predicted by tRNAscan-SE analysis	72	Arginine tRNA (tRNA-Arg), predicted by tRNAscan-SE analysis; one of 11 nuclear tRNA genes containing the tDNA-anticodon UCU (converted to mcm5-UCU in the mature tRNA), decodes AGA codons into arginine, one of 19 nuclear tRNAs for arginine	tRNA gene	tRNA-Arg|tRNA-Arg|tR(UCU)K
YNCK0007W	chrXI	Lysine tRNA (tRNA-Lys), predicted by tRNAscan-SE analysis	73	Lysine tRNA (tRNA-Lys), predicted by tRNAscan-SE analysis; a small portion is imported into mitochondria via interaction with mt lysyl-tRNA synthetase Msk1p and is necessary to decode AAG codons at high temperature, when base modification of mt-encoded tRNA-Lys is reduced	tRNA gene	tK(CUU)K|tRNA-Lys|tRNA-Lys
YNCK0008W	chrXI	Alanine tRNA (tRNA-Ala), predicted by tRNAscan-SE analysis	73	Alanine tRNA (tRNA-Ala), predicted by tRNAscan-SE analysis; one of 11 nuclear tRNA genes containing the tDNA-anticodon AGC (converted to IGC in the mature tRNA), decodes GCU and GCC codons into alanine, one of 16 nuclear tRNAs for alanine	tRNA gene	tA(AGC)K1|tRNA-Ala|tRNA-Ala
YNCK0010W	chrXI	Tryptophan tRNA (tRNA-Trp), predicted by tRNAscan-SE analysis	106	Tryptophan tRNA (tRNA-Trp), predicted by tRNAscan-SE analysis	tRNA gene	tRNA-Trp|tRNA-Trp|tW(CCA)K
YNCK0011C	chrXI	Valine tRNA (tRNA-Val), predicted by tRNAscan-SE analysis	74	Valine tRNA (tRNA-Val), predicted by tRNAscan-SE analysis	tRNA gene	tRNA-Val|tRNA-Val|tV(AAC)K1
YNCK0012C	chrXI	Histidine tRNA (tRNA-His), predicted by tRNAscan-SE analysis	72	Histidine tRNA (tRNA-His), predicted by tRNAscan-SE analysis	tRNA gene	tH(GUG)K|tRNA-His|tRNA-His
YNCK0014W	chrXI	Valine tRNA (tRNA-Val), predicted by tRNAscan-SE analysis	74	Valine tRNA (tRNA-Val), predicted by tRNAscan-SE analysis	tRNA gene	tRNA-Val|tRNA-Val|tV(AAC)K2
YNCK0016W	chrXI	Leucine tRNA (tRNA-Leu), predicted by tRNAscan-SE analysis	114	Leucine tRNA (tRNA-Leu), predicted by tRNAscan-SE analysis	tRNA gene	tL(CAA)K|tRNA-Leu|tRNA-Leu
YNCK0017W	chrXI	Arginine tRNA (tRNA-Arg), predicted by tRNAscan-SE analysis	73	Arginine tRNA (tRNA-Arg), predicted by tRNAscan-SE analysis; one of 6 nuclear tRNA genes containing the tDNA-anticodon ACG (converted to ICG in the mature tRNA), decodes CGU, CGC, and probably CGA codons into arginine, one of 19 nuclear tRNAs for arginine	tRNA gene	tR(ACG)K|tRNA-Arg|tRNA-Arg
YNCK0018C	chrXI	Aspartate tRNA (tRNA-Asp), predicted by tRNAscan-SE analysis	72	Aspartate tRNA (tRNA-Asp), predicted by tRNAscan-SE analysis	tRNA gene	tD(GUC)K|tRNA-Asp|tRNA-Asp
YNCK0019W	chrXI	Alanine tRNA (tRNA-Ala), predicted by tRNAscan-SE analysis	73	Alanine tRNA (tRNA-Ala), predicted by tRNAscan-SE analysis; one of 11 nuclear tRNA genes containing the tDNA-anticodon AGC (converted to IGC in the mature tRNA), decodes GCU and GCC codons into alanine, one of 16 nuclear tRNAs for alanine	tRNA gene	tA(AGC)K2|tRNA-Ala|tRNA-Ala
YNCK0021W	chrXI	Lysine tRNA (tRNA-Lys), predicted by tRNAscan-SE analysis	96	Lysine tRNA (tRNA-Lys), predicted by tRNAscan-SE analysis; thiolation of uridine at wobble position (34) requires Ncs6p	tRNA gene	tK(UUU)K|tRNA-Lys|tRNA-Lys
YNCL0001W	chrXII	Proline tRNA (tRNA-Pro), predicted by tRNAscan-SE analysis	103	Proline tRNA (tRNA-Pro), predicted by tRNAscan-SE analysis; target of K. lactis zymocin	tRNA gene	tP(UGG)L|tRNA-Pro|tRNA-Pro
YNCL0002C	chrXII	Serine tRNA (tRNA-Ser), predicted by tRNAscan-SE analysis	82	Serine tRNA (tRNA-Ser), predicted by tRNAscan-SE analysis	tRNA gene	tRNA-Ser|tRNA-Ser|tS(AGA)L
YNCL0004C	chrXII	Alanine tRNA (tRNA-Ala), predicted by tRNAscan-SE analysis	73	Alanine tRNA (tRNA-Ala), predicted by tRNAscan-SE analysis; one of 5 nuclear tRNA genes containing the tDNA-anticodon TGC (mature tRNA may be UGC or may contain modified bases), decodes GCA and probably GCG codons into alanine, one of 16 nuclear tRNAs for alanine	tRNA gene	tA(UGC)L|tRNA-Ala|tRNA-Ala
YNCL0007W	chrXII	Arginine tRNA (tRNA-Arg), predicted by tRNAscan-SE analysis	73	Arginine tRNA (tRNA-Arg), predicted by tRNAscan-SE analysis; one of 6 nuclear tRNA genes containing the tDNA-anticodon ACG (converted to ICG in the mature tRNA), decodes CGU, CGC, and probably CGA codons into arginine, one of 19 nuclear tRNAs for arginine	tRNA gene	tR(ACG)L|tRNA-Arg|tRNA-Arg
YNCL0008W	chrXII	Aspartate tRNA (tRNA-Asp), predicted by tRNAscan-SE analysis	72	Aspartate tRNA (tRNA-Asp), predicted by tRNAscan-SE analysis	tRNA gene	tD(GUC)L1|tRNA-Asp|tRNA-Asp
YNCL0009C	chrXII	Glutamine tRNA (tRNA-Gln), predicted by tRNAscan-SE analysis	72	Glutamine tRNA (tRNA-Gln), predicted by tRNAscan-SE analysis; thiolation of uridine at wobble position (34) requires Ncs6p	tRNA gene	tQ(UUG)L|tRNA-Gln|tRNA-Gln
YNCL0032C	chrXII	Leucine tRNA (tRNA-Leu), predicted by tRNAscan-SE analysis	101	Leucine tRNA (tRNA-Leu), predicted by tRNAscan-SE analysis	tRNA gene	tL(UAG)L1|tRNA-Leu|tRNA-Leu
YNCL0033C	chrXII	Isoleucine tRNA (tRNA-Ile), predicted by tRNAscan-SE analysis	133	Isoleucine tRNA (tRNA-Ile), predicted by tRNAscan-SE analysis	tRNA gene	tI(UAU)L|tRNA-Ile|tRNA-Ile
YNCL0034W	chrXII	Leucine tRNA (tRNA-Leu), predicted by tRNAscan-SE analysis	115	Leucine tRNA (tRNA-Leu), predicted by tRNAscan-SE analysis	tRNA gene	tL(CAA)L|tRNA-Leu|tRNA-Leu
YNCL0035C	chrXII	Alanine tRNA (tRNA-Ala), predicted by tRNAscan-SE analysis	73	Alanine tRNA (tRNA-Ala), predicted by tRNAscan-SE analysis; one of 11 nuclear tRNA genes containing the tDNA-anticodon AGC (converted to IGC in the mature tRNA), decodes GCU and GCC codons into alanine, one of 16 nuclear tRNAs for alanine	tRNA gene	tA(AGC)L|tRNA-Ala|tRNA-Ala
YNCL0036C	chrXII	Valine tRNA (tRNA-Val), predicted by tRNAscan-SE analysis	74	Valine tRNA (tRNA-Val), predicted by tRNAscan-SE analysis	tRNA gene	tRNA-Val|tRNA-Val|tV(AAC)L
YNCL0037W	chrXII	Leucine tRNA (tRNA-Leu), predicted by tRNAscan-SE analysis	101	Leucine tRNA (tRNA-Leu), predicted by tRNAscan-SE analysis	tRNA gene	tL(UAG)L2|tRNA-Leu|tRNA-Leu
YNCL0038W	chrXII	Isoleucine tRNA (tRNA-Ile), predicted by tRNAscan-SE analysis	74	Isoleucine tRNA (tRNA-Ile), predicted by tRNAscan-SE analysis	tRNA gene	tI(AAU)L1|tRNA-Ile|tRNA-Ile
YNCL0039W	chrXII	tRNA of undetermined specificity, predicted by tRNAscan-SE analysis	100	tRNA of undetermined specificity, predicted by tRNAscan-SE analysis; very similar to serine tRNAs	tRNA gene	tS(GCU)L|tX(XXX)L
YNCL0040W	chrXII	Aspartate tRNA (tRNA-Asp), predicted by tRNAscan-SE analysis	72	Aspartate tRNA (tRNA-Asp), predicted by tRNAscan-SE analysis	tRNA gene	tD(GUC)L2|tRNA-Asp|tRNA-Asp
YNCL0044W	chrXII	Glutamate tRNA (tRNA-Glu), predicted by tRNAscan-SE analysis	72	Glutamate tRNA (tRNA-Glu), predicted by tRNAscan-SE analysis; thiolation of uridine at wobble position (34) requires Ncs6p; target of K. lactis zymocin	tRNA gene	tE(UUC)L|tRNA-Glu|tRNA-Glu
YNCL0045W	chrXII	Arginine tRNA (tRNA-Arg), predicted by tRNAscan-SE analysis	72	Arginine tRNA (tRNA-Arg), predicted by tRNAscan-SE analysis; single essential nuclear tRNA gene containing the tDNA-anticodon CCG (presumably CCG in the mature tRNA), decodes CGG codons into arginine, one of 19 nuclear tRNAs for arginine; correct folding and efficient aminoacylation require Lhp1p	tRNA gene	tR(CCG)L|tRNA-Arg|tRNA-Arg
YNCL0047W	chrXII	Lysine tRNA (tRNA-Lys), predicted by tRNAscan-SE analysis	96	Lysine tRNA (tRNA-Lys), predicted by tRNAscan-SE analysis; thiolation of uridine at wobble position (34) requires Ncs6p	tRNA gene	tK(UUU)L|tRNA-Lys|tRNA-Lys
YNCL0049C	chrXII	Leucine tRNA (tRNA-Leu), predicted by tRNAscan-SE analysis	84	Leucine tRNA (tRNA-Leu), predicted by tRNAscan-SE analysis	tRNA gene	tL(UAA)L|tRNA-Leu|tRNA-Leu
YNCL0050C	chrXII	Asparagine tRNA (tRNA-Asn), predicted by tRNAscan-SE analysis	74	Asparagine tRNA (tRNA-Asn), predicted by tRNAscan-SE analysis	tRNA gene	tN(GUU)L|tRNA-Asn|tRNA-Asn
YNCL0051C	chrXII	Isoleucine tRNA (tRNA-Ile), predicted by tRNAscan-SE analysis	74	Isoleucine tRNA (tRNA-Ile), predicted by tRNAscan-SE analysis	tRNA gene	tI(AAU)L2|tRNA-Ile|tRNA-Ile
YNCM0004C	chrXIII	Arginine tRNA (tRNA-Arg), predicted by tRNAscan-SE analysis	72	Arginine tRNA (tRNA-Arg), predicted by tRNAscan-SE analysis; one of 11 nuclear tRNA genes containing the tDNA-anticodon UCU (converted to mcm5-UCU in the mature tRNA), decodes AGA codons into arginine, one of 19 nuclear tRNAs for arginine	tRNA gene	tRNA-Arg|tRNA-Arg|tR(UCU)M2
YNCM0006W	chrXIII	Tyrosine tRNA (tRNA-Tyr), predicted by tRNAscan-SE analysis	89	Tyrosine tRNA (tRNA-Tyr), predicted by tRNAscan-SE analysis; can mutate to suppress ochre nonsense mutations	tRNA gene	tRNA-Tyr|tRNA-Tyr|tY(GUA)M1
YNCM0007C	chrXIII	Glycine tRNA (tRNA-Gly), predicted by tRNAscan-SE analysis	71	Glycine tRNA (tRNA-Gly), predicted by tRNAscan-SE analysis	tRNA gene	tG(GCC)M|tRNA-Gly|tRNA-Gly
YNCM0008C	chrXIII	Proline tRNA (tRNA-Pro), predicted by tRNAscan-SE analysis	103	Proline tRNA (tRNA-Pro), predicted by tRNAscan-SE analysis; target of K. lactis zymocin; can mutate to suppress +1 frameshift mutations in proline codons	tRNA gene	tP(UGG)M|tRNA-Pro|tRNA-Pro
YNCM0009C	chrXIII	Serine tRNA (tRNA-Ser), predicted by tRNAscan-SE analysis	82	Serine tRNA (tRNA-Ser), predicted by tRNAscan-SE analysis	tRNA gene	tRNA-Ser|tRNA-Ser|tS(AGA)M
YNCM0010W	chrXIII	Glutamate tRNA (tRNA-Glu), predicted by tRNAscan-SE analysis	72	Glutamate tRNA (tRNA-Glu), predicted by tRNAscan-SE analysis; thiolation of uridine at wobble position (34) requires Ncs6p	tRNA gene	tE(UUC)M|tRNA-Glu|tRNA-Glu
YNCM0018C	chrXIII	Alanine tRNA (tRNA-Ala), predicted by tRNAscan-SE analysis	73	Alanine tRNA (tRNA-Ala), predicted by tRNAscan-SE analysis; one of 11 nuclear tRNA genes containing the tDNA-anticodon AGC (converted to IGC in the mature tRNA), decodes GCU and GCC codons into alanine, one of 16 nuclear tRNAs for alanine	tRNA gene	tA(AGC)M1|tRNA-Ala|tRNA-Ala
YNCM0019W	chrXIII	Phenylalanine tRNA (tRNA-Phe), predicted by tRNAscan-SE analysis	91	Phenylalanine tRNA (tRNA-Phe), predicted by tRNAscan-SE analysis	tRNA gene	tF(GAA)M|tRNA-Phe|tRNA-Phe
YNCM0020W	chrXIII	Histidine tRNA (tRNA-His), predicted by tRNAscan-SE analysis	72	Histidine tRNA (tRNA-His), predicted by tRNAscan-SE analysis	tRNA gene	tH(GUG)M|tRNA-His|tRNA-His
YNCM0021C	chrXIII	Valine tRNA (tRNA-Val), predicted by tRNAscan-SE analysis	74	Valine tRNA (tRNA-Val), predicted by tRNAscan-SE analysis	tRNA gene	tRNA-Val|tRNA-Val|tV(AAC)M1
YNCM0022C	chrXIII	Tryptophan tRNA (tRNA-Trp), predicted by tRNAscan-SE analysis	106	Tryptophan tRNA (tRNA-Trp), predicted by tRNAscan-SE analysis	tRNA gene	tRNA-Trp|tRNA-Trp|tW(CCA)M
YNCM0023C	chrXIII	Valine tRNA (tRNA-Val), predicted by tRNAscan-SE analysis	74	Valine tRNA (tRNA-Val), predicted by tRNAscan-SE analysis	tRNA gene	tRNA-Val|tRNA-Val|tV(AAC)M2
YNCM0024W	chrXIII	Aspartate tRNA (tRNA-Asp), predicted by tRNAscan-SE analysis	72	Aspartate tRNA (tRNA-Asp), predicted by tRNAscan-SE analysis	tRNA gene	tD(GUC)M|tRNA-Asp|tRNA-Asp
YNCM0025C	chrXIII	Lysine tRNA (tRNA-Lys), predicted by tRNAscan-SE analysis	73	Lysine tRNA (tRNA-Lys), predicted by tRNAscan-SE analysis; a small portion is imported into mitochondria via interaction with mt lysyl-tRNA synthetase Msk1p and is necessary to decode AAG codons at high temperature, when base modification of mt-encoded tRNA-Lys is reduced	tRNA gene	tK(CUU)M|tRNA-Lys|tRNA-Lys
YNCM0027W	chrXIII	Leucine tRNA (tRNA-Leu), predicted by tRNAscan-SE analysis	114	Leucine tRNA (tRNA-Leu), predicted by tRNAscan-SE analysis	tRNA gene	tL(CAA)M|tRNA-Leu|tRNA-Leu
YNCM0028C	chrXIII	Methionine tRNA (tRNA-Met), functions in translational elongation	73	Methionine tRNA (tRNA-Met), functions in translational elongation; not involved in translational initiation; predicted by tRNAscan-SE analysis	tRNA gene	tM(CAU)M|tRNA-Met|tRNA-Met
YNCM0029C	chrXIII	Valine tRNA (tRNA-Val), predicted by tRNAscan-SE analysis	74	Valine tRNA (tRNA-Val), predicted by tRNAscan-SE analysis	tRNA gene	tRNA-Val|tRNA-Val|tV(AAC)M3
YNCM0033C	chrXIII	Arginine tRNA (tRNA-Arg), predicted by tRNAscan-SE analysis	72	Arginine tRNA (tRNA-Arg), predicted by tRNAscan-SE analysis; one of 11 nuclear tRNA genes containing the tDNA-anticodon UCU (converted to mcm5-UCU in the mature tRNA), decodes AGA codons into arginine, one of 19 nuclear tRNAs for arginine	tRNA gene	tRNA-Arg|tRNA-Arg|tR(UCU)M1
YNCM0035C	chrXIII	Alanine tRNA (tRNA-Ala), predicted by tRNAscan-SE analysis	73	Alanine tRNA (tRNA-Ala), predicted by tRNAscan-SE analysis; one of 11 nuclear tRNA genes containing the tDNA-anticodon AGC (converted to IGC in the mature tRNA), decodes GCU and GCC codons into alanine, one of 16 nuclear tRNAs for alanine	tRNA gene	tA(AGC)M2|tRNA-Ala|tRNA-Ala
YNCM0036C	chrXIII	Glutamine tRNA (tRNA-Gln), predicted by tRNAscan-SE analysis	72	Glutamine tRNA (tRNA-Gln), predicted by tRNAscan-SE analysis; can mutate to cause constitutive pseudohyphal growth in homozygous diploids; required for localization of transcription factor Gln3p to the nucleus in response to nitrogen starvation or rapamycin treatment	tRNA gene	DNA33|SUP60|SUP70|tQ(CUG)M|tRNA-Gln|tRNA-Gln
YNCM0037W	chrXIII	Tyrosine tRNA (tRNA-Tyr), predicted by tRNAscan-SE analysis	89	Tyrosine tRNA (tRNA-Tyr), predicted by tRNAscan-SE analysis; can mutate to suppress ochre nonsense mutations	tRNA gene	tRNA-Tyr|tRNA-Tyr|tY(GUA)M2
YNCN0002C	chrXIV	Glycine tRNA (tRNA-Gly), predicted by tRNAscan-SE analysis	72	Glycine tRNA (tRNA-Gly), predicted by tRNAscan-SE analysis; can mutate to suppress +1 frameshift mutations in glycine codons	tRNA gene	tG(UCC)N|tRNA-Gly|tRNA-Gly
YNCN0003W	chrXIV	Asparagine tRNA (tRNA-Asn), predicted by tRNAscan-SE analysis	74	Asparagine tRNA (tRNA-Asn), predicted by tRNAscan-SE analysis	tRNA gene	tN(GUU)N1|tRNA-Asn|tRNA-Asn
YNCN0004W	chrXIV	Threonine tRNA (tRNA-Thr), predicted by tRNAscan-SE analysis	73	Threonine tRNA (tRNA-Thr), predicted by tRNAscan-SE analysis	tRNA gene	tRNA-Thr|tRNA-Thr|tT(AGU)N1
YNCN0006W	chrXIV	Phenylalanine tRNA (tRNA-Phe), predicted by tRNAscan-SE analysis	91	Phenylalanine tRNA (tRNA-Phe), predicted by tRNAscan-SE analysis	tRNA gene	tF(GAA)N|tRNA-Phe|tRNA-Phe
YNCN0007W	chrXIV	Leucine tRNA (tRNA-Leu), predicted by tRNAscan-SE analysis	114	Leucine tRNA (tRNA-Leu), predicted by tRNAscan-SE analysis	tRNA gene	tL(CAA)N|tRNA-Leu|tRNA-Leu
YNCN0008C	chrXIV	Aspartate tRNA (tRNA-Asp), predicted by tRNAscan-SE analysis	71	Aspartate tRNA (tRNA-Asp), predicted by tRNAscan-SE analysis	tRNA gene	tD(GUC)N|tRNA-Asp|tRNA-Asp
YNCN0009W	chrXIV	Proline tRNA (tRNA-Pro), predicted by tRNAscan-SE analysis	103	Proline tRNA (tRNA-Pro), predicted by tRNAscan-SE analysis; target of K. lactis zymocin	tRNA gene	tP(UGG)N1|tRNA-Pro|tRNA-Pro
YNCN0010C	chrXIV	Threonine tRNA (tRNA-Thr), predicted by tRNAscan-SE analysis	73	Threonine tRNA (tRNA-Thr), predicted by tRNAscan-SE analysis	tRNA gene	tRNA-Thr|tRNA-Thr|tT(AGU)N2
YNCN0011W	chrXIV	Proline tRNA (tRNA-Pro), predicted by tRNAscan-SE analysis	103	Proline tRNA (tRNA-Pro), predicted by tRNAscan-SE analysis; target of K. lactis zymocin	tRNA gene	tP(UGG)N2|tRNA-Pro|tRNA-Pro
YNCN0012C	chrXIV	Isoleucine tRNA (tRNA-Ile), predicted by tRNAscan-SE analysis	74	Isoleucine tRNA (tRNA-Ile), predicted by tRNAscan-SE analysis	tRNA gene	tI(AAU)N1|tRNA-Ile|tRNA-Ile
YNCN0015W	chrXIV	Isoleucine tRNA (tRNA-Ile), predicted by tRNAscan-SE analysis	74	Isoleucine tRNA (tRNA-Ile), predicted by tRNAscan-SE analysis	tRNA gene	tI(AAU)N2|tRNA-Ile|tRNA-Ile
YNCN0016C	chrXIV	Proline tRNA (tRNA-Pro), predicted by tRNAscan-SE analysis	72	Proline tRNA (tRNA-Pro), predicted by tRNAscan-SE analysis; can mutate to suppress +1 frameshift mutations in proline codons	tRNA gene	tP(AGG)N|tRNA-Pro|tRNA-Pro
YNCN0017W	chrXIV	Asparagine tRNA (tRNA-Asn), predicted by tRNAscan-SE analysis	74	Asparagine tRNA (tRNA-Asn), predicted by tRNAscan-SE analysis	tRNA gene	tN(GUU)N2|tRNA-Asn|tRNA-Asn
YNCN0020C	chrXIV	Leucine tRNA (tRNA-Leu), predicted by tRNAscan-SE analysis	84	Leucine tRNA (tRNA-Leu), predicted by tRNAscan-SE analysis	tRNA gene	tL(UAA)N|tRNA-Leu|tRNA-Leu
YNCO0001C	chrXV	Glycine tRNA (tRNA-Gly), predicted by tRNAscan-SE analysis	72	Glycine tRNA (tRNA-Gly), predicted by tRNAscan-SE analysis; can mutate to suppress +1 frameshift mutations in glycine codons	tRNA gene	tG(UCC)O|tRNA-Gly|tRNA-Gly
YNCO0002W	chrXV	Threonine tRNA (tRNA-Thr), predicted by tRNAscan-SE analysis	73	Threonine tRNA (tRNA-Thr), predicted by tRNAscan-SE analysis	tRNA gene	tRNA-Thr|tRNA-Thr|tT(AGU)O1
YNCO0004C	chrXV	Glycine tRNA (tRNA-Gly), predicted by tRNAscan-SE analysis	71	Glycine tRNA (tRNA-Gly), predicted by tRNAscan-SE analysis	tRNA gene	tG(GCC)O1|tRNA-Gly|tRNA-Gly
YNCO0005W	chrXV	Asparagine tRNA (tRNA-Asn), predicted by tRNAscan-SE analysis	74	Asparagine tRNA (tRNA-Asn), predicted by tRNAscan-SE analysis	tRNA gene	tN(GUU)O1|tRNA-Asn|tRNA-Asn
YNCO0008W	chrXV	Serine tRNA (tRNA-Ser), predicted by tRNAscan-SE analysis	101	Serine tRNA (tRNA-Ser), predicted by tRNAscan-SE analysis	tRNA gene	tRNA-Ser|tRNA-Ser|tS(GCU)O
YNCO0009W	chrXV	Glycine tRNA (tRNA-Gly), predicted by tRNAscan-SE analysis	71	Glycine tRNA (tRNA-Gly), predicted by tRNAscan-SE analysis; can mutate to suppress +1 frameshift mutations in glycine codons	tRNA gene	tG(GCC)O2|tRNA-Gly|tRNA-Gly
YNCO0010W	chrXV	Tyrosine tRNA (tRNA-Tyr), predicted by tRNAscan-SE analysis	89	Tyrosine tRNA (tRNA-Tyr), predicted by tRNAscan-SE analysis; can mutate to suppress ochre nonsense mutations	tRNA gene	tRNA-Tyr|tRNA-Tyr|tY(GUA)O
YNCO0011W	chrXV	Proline tRNA (tRNA-Pro), predicted by tRNAscan-SE analysis	102	Proline tRNA (tRNA-Pro), predicted by tRNAscan-SE analysis; target of K. lactis zymocin	tRNA gene	tP(UGG)O1|tRNA-Pro|tRNA-Pro
YNCO0012C	chrXV	Arginine tRNA (tRNA-Arg), predicted by tRNAscan-SE analysis	73	Arginine tRNA (tRNA-Arg), predicted by tRNAscan-SE analysis; one of 6 nuclear tRNA genes containing the tDNA-anticodon ACG (converted to ICG in the mature tRNA), decodes CGU, CGC, and probably CGA codons into arginine, one of 19 nuclear tRNAs for arginine	tRNA gene	tR(ACG)O|tRNA-Arg|tRNA-Arg
YNCO0013C	chrXV	Threonine tRNA (tRNA-Thr), predicted by tRNAscan-SE analysis	73	Threonine tRNA (tRNA-Thr), predicted by tRNAscan-SE analysis	tRNA gene	tRNA-Thr|tRNA-Thr|tT(AGU)O2
YNCO0016W	chrXV	Lysine tRNA (tRNA-Lys), predicted by tRNAscan-SE analysis	96	Lysine tRNA (tRNA-Lys), predicted by tRNAscan-SE analysis; thiolation of uridine at wobble position (34) requires Ncs6p	tRNA gene	tK(UUU)O|tRNA-Lys|tRNA-Lys
YNCO0017W	chrXV	Proline tRNA (tRNA-Pro), predicted by tRNAscan-SE analysis	102	Proline tRNA (tRNA-Pro), predicted by tRNAscan-SE analysis; target of K. lactis zymocin; can mutate to suppress +1 frameshift mutations in proline codons	tRNA gene	tP(UGG)O2|tRNA-Pro|tRNA-Pro
YNCO0018W	chrXV	Asparagine tRNA (tRNA-Asn), predicted by tRNAscan-SE analysis	74	Asparagine tRNA (tRNA-Asn), predicted by tRNAscan-SE analysis	tRNA gene	tN(GUU)O2|tRNA-Asn|tRNA-Asn
YNCO0019W	chrXV	Aspartate tRNA (tRNA-Asp), predicted by tRNAscan-SE analysis	72	Aspartate tRNA (tRNA-Asp), predicted by tRNAscan-SE analysis	tRNA gene	tD(GUC)O|tRNA-Asp|tRNA-Asp
YNCO0020C	chrXV	Glycine tRNA (tRNA-Gly), predicted by tRNAscan-SE analysis	72	Glycine tRNA (tRNA-Gly), predicted by tRNAscan-SE analysis; can mutate to suppress +1 frameshift mutations in glycine codons	tRNA gene	tG(CCC)O|tRNA-Gly|tRNA-Gly
YNCO0021C	chrXV	Valine tRNA (tRNA-Val), predicted by tRNAscan-SE analysis	74	Valine tRNA (tRNA-Val), predicted by tRNAscan-SE analysis	tRNA gene	tRNA-Val|tRNA-Val|tV(AAC)O
YNCO0023W	chrXV	Methionine initiator tRNA (tRNA-Met)	72	Methionine initiator tRNA (tRNA-Met); predicted by tRNAscan-SE analysis; one of four initiator methionine tRNAs in yeast that are functional for translation	tRNA gene	tM(CAU)O1|tRNA-Met|tRNA-Met
YNCO0029C	chrXV	Alanine tRNA (tRNA-Ala), predicted by tRNAscan-SE analysis	73	Alanine tRNA (tRNA-Ala), predicted by tRNAscan-SE analysis; one of 5 nuclear tRNA genes containing the tDNA-anticodon TGC (mature tRNA may be UGC or may contain modified bases), decodes GCA and probably GCG codons into alanine, one of 16 nuclear tRNAs for alanine	tRNA gene	tA(UGC)O|tRNA-Ala|tRNA-Ala
YNCO0030W	chrXV	Methionine tRNA (tRNA-Met), functions in translational elongation	73	Methionine tRNA (tRNA-Met), functions in translational elongation; not involved in translational initiation; predicted by tRNAscan-SE analysis	tRNA gene	tM(CAU)O2|tRNA-Met|tRNA-Met
YNCO0031W	chrXV	Proline tRNA (tRNA-Pro), predicted by tRNAscan-SE analysis	105	Proline tRNA (tRNA-Pro), predicted by tRNAscan-SE analysis; target of K. lactis zymocin	tRNA gene	tP(UGG)O3|tRNA-Pro|tRNA-Pro
YNCP0001C	chrXVI	Tryptophan tRNA (tRNA-Trp), predicted by tRNAscan-SE analysis	106	Tryptophan tRNA (tRNA-Trp), predicted by tRNAscan-SE analysis	tRNA gene	tRNA-Trp|tRNA-Trp|tW(CCA)P
YNCP0004C	chrXVI	Glutamate tRNA (tRNA-Glu), predicted by tRNAscan-SE analysis	72	Glutamate tRNA (tRNA-Glu), predicted by tRNAscan-SE analysis; thiolation of uridine at wobble position (34) requires Ncs6p; target of K. lactis zymocin	tRNA gene	tE(UUC)P|tRNA-Glu|tRNA-Glu
YNCP0006C	chrXVI	Methionine initiator tRNA (tRNA-Met)	72	Methionine initiator tRNA (tRNA-Met); predicted by tRNAscan-SE analysis; one of four initiator methionine tRNAs in yeast that are functional for translation	tRNA gene	tM(CAU)P|tRNA-Met|tRNA-Met
YNCP0007C	chrXVI	Cysteine tRNA (tRNA-Cys), predicted by tRNAscan-SE analysis	72	Cysteine tRNA (tRNA-Cys), predicted by tRNAscan-SE analysis	tRNA gene	tC(GCA)P1|tRNA-Cys|tRNA-Cys
YNCP0008C	chrXVI	Phenylalanine tRNA (tRNA-Phe), predicted by tRNAscan-SE analysis	92	Phenylalanine tRNA (tRNA-Phe), predicted by tRNAscan-SE analysis	tRNA gene	tF(GAA)P1|tRNA-Phe|tRNA-Phe
YNCP0009W	chrXVI	Glycine tRNA (tRNA-Gly), predicted by tRNAscan-SE analysis	71	Glycine tRNA (tRNA-Gly), predicted by tRNAscan-SE analysis	tRNA gene	tG(GCC)P1|tRNA-Gly|tRNA-Gly
YNCP0010W	chrXVI	Lysine tRNA (tRNA-Lys), predicted by tRNAscan-SE analysis	73	Lysine tRNA (tRNA-Lys), predicted by tRNAscan-SE analysis; a small portion is imported into mitochondria via interaction with mt lysyl-tRNA synthetase Msk1p and is necessary to decode AAG codons at high temperature, when base modification of mt-encoded tRNA-Lys is reduced	tRNA gene	tK(CUU)P|tRNA-Lys|tRNA-Lys
YNCP0011C	chrXVI	Phenylalanine tRNA (tRNA-Phe), predicted by tRNAscan-SE analysis	92	Phenylalanine tRNA (tRNA-Phe), predicted by tRNAscan-SE analysis	tRNA gene	tF(GAA)P2|tRNA-Phe|tRNA-Phe
YNCP0012W	chrXVI	Serine tRNA (tRNA-Ser), predicted by tRNAscan-SE analysis	82	Serine tRNA (tRNA-Ser), predicted by tRNAscan-SE analysis; can mutate to suppress ochre nonsense mutations	tRNA gene	SUQ5|tRNA-Ser|tRNA-Ser|tS(UGA)P
YNCP0016W	chrXVI	Threonine tRNA (tRNA-Thr), predicted by tRNAscan-SE analysis	72	Threonine tRNA (tRNA-Thr), predicted by tRNAscan-SE analysis	tRNA gene	tRNA-Thr|tRNA-Thr|tT(UGU)P
YNCP0017C	chrXVI	Lysine tRNA (tRNA-Lys), predicted by tRNAscan-SE analysis	96	Lysine tRNA (tRNA-Lys), predicted by tRNAscan-SE analysis; thiolation of uridine at wobble position (34) requires Ncs6p	tRNA gene	tK(UUU)P|tRNA-Lys|tRNA-Lys
YNCP0018C	chrXVI	Cysteine tRNA (tRNA-Cys), predicted by tRNAscan-SE analysis	72	Cysteine tRNA (tRNA-Cys), predicted by tRNAscan-SE analysis	tRNA gene	tC(GCA)P2|tRNA-Cys|tRNA-Cys
YNCP0019W	chrXVI	Asparagine tRNA (tRNA-Asn), predicted by tRNAscan-SE analysis	74	Asparagine tRNA (tRNA-Asn), predicted by tRNAscan-SE analysis	tRNA gene	tN(GUU)P|tRNA-Asn|tRNA-Asn
YNCP0020W	chrXVI	Isoleucine tRNA (tRNA-Ile), predicted by tRNAscan-SE analysis	74	Isoleucine tRNA (tRNA-Ile), predicted by tRNAscan-SE analysis	tRNA gene	tI(AAU)P1|tRNA-Ile|tRNA-Ile
YNCP0022W	chrXVI	Alanine tRNA (tRNA-Ala), predicted by tRNAscan-SE analysis	73	Alanine tRNA (tRNA-Ala), predicted by tRNAscan-SE analysis; one of 11 nuclear tRNA genes containing the tDNA-anticodon AGC (converted to IGC in the mature tRNA), decodes GCU and GCC codons into alanine, one of 16 nuclear tRNAs for alanine	tRNA gene	tA(AGC)P|tRNA-Ala|tRNA-Ala
YNCP0023W	chrXVI	Glycine tRNA (tRNA-Gly), predicted by tRNAscan-SE analysis	71	Glycine tRNA (tRNA-Gly), predicted by tRNAscan-SE analysis	tRNA gene	tG(GCC)P2|tRNA-Gly|tRNA-Gly
YNCP0024C	chrXVI	Isoleucine tRNA (tRNA-Ile), predicted by tRNAscan-SE analysis	74	Isoleucine tRNA (tRNA-Ile), predicted by tRNAscan-SE analysis	tRNA gene	tI(AAU)P2|tRNA-Ile|tRNA-Ile
YNCQ0001W	chrmt	Mitochondrial proline tRNA (tRNA-Pro)	72	Mitochondrial proline tRNA (tRNA-Pro)	tRNA gene	tP(UGG)Q|tRNA-Pro|tRNA-Pro
YNCQ0003W	chrmt	Mitochondrial tRNA, annotated as tryptophanyl tRNA (tRNA-Trp)	74	Mitochondrial tRNA, annotated as tryptophanyl tRNA (tRNA-Trp); predicted by tRNAscan-SE analysis to have specificity for selenocysteine	tRNA gene	tRNA-Trp|tRNA-Trp|tW(UCA)Q
YNCQ0004W	chrmt	Mitochondrial glutamate tRNA (tRNA-Glu)	72	Mitochondrial glutamate tRNA (tRNA-Glu); predicted by tRNAscan-SE analysis	tRNA gene	tE(UUC)Q|tRNA-Glu|tRNA-Glu
YNCQ0005W	chrmt	Mitochondrial serine tRNA (tRNA-Ser)	90	Mitochondrial serine tRNA (tRNA-Ser); predicted by tRNAscan-SE analysis	tRNA gene	tRNA-Ser|tRNA-Ser|tS(UGA)Q2
YNCQ0007W	chrmt	Mitochondrial threonine tRNA (tRNA-Thr)	76	Mitochondrial threonine tRNA (tRNA-Thr); predicted by tRNAscan-SE analysis	tRNA gene	tRNA-Thr|tRNA-Thr|tT(UGU)Q1
YNCQ0008W	chrmt	Mitochondrial cysteine tRNA (tRNA-Cys)	76	Mitochondrial cysteine tRNA (tRNA-Cys)	tRNA gene	tC(GCA)Q|tRNA-Cys|tRNA-Cys
YNCQ0009W	chrmt	Mitochondrial histidine tRNA (tRNA-His)	75	Mitochondrial histidine tRNA (tRNA-His); predicted by tRNAscan-SE analysis	tRNA gene	tH(GUG)Q|tRNA-His|tRNA-His
YNCQ0010W	chrmt	Mitochondrial leucine tRNA (tRNA-Leu)	85	Mitochondrial leucine tRNA (tRNA-Leu); predicted by tRNAscan-SE analysis; required for mitochondrial translation and indirectly for maintenance of the mitochondrial genome; mutations in the orthologous human gene cause the neurological disease MELAS	tRNA gene	tL(UAA)Q|tRNA-Leu|tRNA-Leu
YNCQ0011W	chrmt	Mitochondrial glutamine tRNA (tRNA-Gln)	76	Mitochondrial glutamine tRNA (tRNA-Gln); predicted by tRNAscan-SE analysis; thiolation of uridine at wobble position (34) requires Ncs6p	tRNA gene	tQ(UUG)Q|tRNA-Gln|tRNA-Gln
YNCQ0012W	chrmt	Mitochondrial lysine tRNA (tRNA-Lys)	74	Mitochondrial lysine tRNA (tRNA-Lys); predicted by tRNAscan-SE analysis; modification of wobble base U34 is decreased at elevated temperatures, decreasing ability to decode AAG codons; this function is performed at high temperature by imported cytoplasmic tRNA-Lys with CUU anticodon	tRNA gene	tK(UUU)Q|tRNA-Lys|tRNA-Lys
YNCQ0013W	chrmt	Mitochondrial arginine tRNA (tRNA-Arg)	73	Mitochondrial arginine tRNA (tRNA-Arg); predicted by tRNAscan-SE analysis	tRNA gene	tRNA-Arg|tRNA-Arg|tR(UCU)Q1
YNCQ0014W	chrmt	Mitochondrial glycine tRNA (tRNA-Gly)	75	Mitochondrial glycine tRNA (tRNA-Gly); predicted by tRNAscan-SE analysis	tRNA gene	tG(UCC)Q|tRNA-Gly|tRNA-Gly
YNCQ0015W	chrmt	Mitochondrial aspartate tRNA (tRNA-Asp)	75	Mitochondrial aspartate tRNA (tRNA-Asp); predicted by tRNAscan-SE analysis	tRNA gene	tD(GUC)Q|tRNA-Asp|tRNA-Asp
YNCQ0016W	chrmt	Mitochondrial serine tRNA (tRNA-Ser)	86	Mitochondrial serine tRNA (tRNA-Ser); predicted by tRNAscan-SE analysis	tRNA gene	tRNA-Ser|tRNA-Ser|tS(GCU)Q1
YNCQ0017W	chrmt	Mitochondrial arginine tRNA (tRNA-Arg)	74	Mitochondrial arginine tRNA (tRNA-Arg); low frequency of cognate codon and low prevalence in cell extracts suggests that tR(ACG)Q2 is the least transcribed of the two yeast mitochondrial genes coding for tRNA-Arg	tRNA gene	tR(ACG)Q2|tRNA-Arg|tRNA-Arg
YNCQ0018W	chrmt	Mitochondrial alanine tRNA (tRNA-Ala)	76	Mitochondrial alanine tRNA (tRNA-Ala); predicted by tRNAscan-SE analysis	tRNA gene	tA(UGC)Q|tRNA-Ala|tRNA-Ala
YNCQ0019W	chrmt	Mitochondrial isoleucine tRNA (tRNA-Ile)	76	Mitochondrial isoleucine tRNA (tRNA-Ile); predicted by tRNAscan-SE analysis; mutations in human ortholog are linked to conditions such as progressive encephalopathy, metabolic syndrome, and hypomagnesaemia	tRNA gene	tI(GAU)Q|tRNA-Ile|tRNA-Ile
YNCQ0020W	chrmt	Mitochondrial tyrosine tRNA (tRNA-Tyr)	84	Mitochondrial tyrosine tRNA (tRNA-Tyr)	tRNA gene	tRNA-Tyr|tRNA-Tyr|tY(GUA)Q
YNCQ0021W	chrmt	Mitochondrial asparagine tRNA (tRNA-Asn)	71	Mitochondrial asparagine tRNA (tRNA-Asn); predicted by tRNAscan-SE analysis	tRNA gene	tN(GUU)Q|tRNA-Asn|tRNA-Asn
YNCQ0022W	chrmt	Mitochondrial methionine tRNA (tRNA-Met)	76	Mitochondrial methionine tRNA (tRNA-Met); predicted by tRNAscan-SE analysis	tRNA gene	tM(CAU)Q1|tRNA-Met|tRNA-Met
YNCQ0023W	chrmt	Mitochondrial phenylalanine tRNA (tRNA-Phe)	75	Mitochondrial phenylalanine tRNA (tRNA-Phe); predicted by tRNAscan-SE analysis	tRNA gene	tF(GAA)Q|tRNA-Phe|tRNA-Phe
YNCQ0024C	chrmt	Mitochondrial threonine tRNA (tRNA-Thr)	74	Mitochondrial threonine tRNA (tRNA-Thr); decodes CUA codons as threonine rather than leucine; has an unusual enlarged 8-nt anticodon loop; may be evolutionarily derived from mitochondrial tRNA-His; conserved in some genera of budding yeasts	tRNA gene	tRNA-Thr|tRNA-Thr|tT(UAG)Q2|tT(XXX)Q2
YNCQ0025W	chrmt	Mitochondrial valine tRNA (tRNA-Val)	76	Mitochondrial valine tRNA (tRNA-Val); predicted by tRNAscan-SE analysis	tRNA gene	tRNA-Val|tRNA-Val|tV(UAC)Q
YNCQ0026W	chrmt	Mitochondrial formylated methionine tRNA (tRNA-fMet)	78	Mitochondrial formylated methionine tRNA (tRNA-fMet); predicted by tRNAscan-SE analysis	tRNA gene	tM(CAU)Q2|tRNA-fMet
